name, sex, hobby
1, m, 1
1, m, 3
1, m, 2
2, m, 1
2, m, 2
3, m, 1
3, m, 2
3, m, 3
4, m, 1
4, m, 3
4, m, 2
5, m, 3
5, m, 1
5, m, 2
6, m, 2
6, m, 1
6, m, 3
7, m, 2
7, m, 1
7, m, 3
8, m, 2
8, m, 3
8, m, 1
9, m, 3
9, m, 1
9, m, 2
10, m, 1
10, m, 3
11, m, 2
11, m, 3
12, m, 1
12, m, 3
12, m, 2
13, m, 1
13, m, 3
13, m, 2
14, m, 2
14, m, 1
15, m, 1
15, m, 2
15, m, 3
16, m, 2
16, m, 3
16, m, 1
17, m, 3
17, m, 2
17, m, 1
18, m, 2
18, m, 1
19, m, 1
19, m, 3
20, m, 2
20, m, 1
21, m, 2
21, m, 1
21, m, 3
22, m, 3
22, m, 1
22, m, 2
23, m, 2
23, m, 1
23, m, 3
24, m, 1
24, m, 2
25, m, 2
25, m, 1
25, m, 3
26, m, 3
26, m, 1
27, m, 3
27, m, 1
28, m, 2
28, m, 3
29, m, 1
29, m, 2
29, m, 3
30, m, 2
30, m, 1
30, m, 3
31, m, 1
31, m, 3
31, m, 2
32, m, 1
32, m, 2
33, m, 1
33, m, 3
34, m, 1
34, m, 3
35, m, 3
35, m, 1
36, m, 1
36, m, 2
36, m, 3
37, m, 1
37, m, 3
38, m, 2
38, m, 3
39, m, 2
39, m, 3
39, m, 1
40, m, 2
40, m, 3
40, m, 1
41, m, 2
41, m, 3
41, m, 1
42, m, 3
42, m, 1
43, m, 1
43, m, 3
44, m, 1
44, m, 3
44, m, 2
45, m, 1
45, m, 2
45, m, 3
46, m, 1
46, m, 2
47, m, 2
47, m, 1
47, m, 3
48, m, 2
48, m, 3
48, m, 1
49, m, 3
49, m, 2
49, m, 1
50, m, 1
50, m, 2
50, m, 3
51, m, 3
51, m, 1
52, m, 3
52, m, 2
53, m, 2
53, m, 1
54, m, 1
54, m, 3
55, m, 1
55, m, 3
56, m, 2
56, m, 3
57, m, 1
57, m, 3
58, m, 2
58, m, 3
58, m, 1
59, m, 3
59, m, 2
60, m, 2
60, m, 1
60, m, 3
61, m, 1
61, m, 3
61, m, 2
62, m, 1
62, m, 2
63, m, 1
63, m, 3
64, m, 1
64, m, 3
65, m, 1
65, m, 3
66, m, 3
66, m, 1
67, m, 3
67, m, 2
67, m, 1
68, m, 2
68, m, 1
69, m, 3
69, m, 1
69, m, 2
70, m, 2
70, m, 1
70, m, 3
71, m, 1
71, m, 3
71, m, 2
72, m, 2
72, m, 3
72, m, 1
73, m, 1
73, m, 2
73, m, 3
74, m, 3
74, m, 1
74, m, 2
75, m, 3
75, m, 2
76, m, 1
76, m, 3
77, m, 3
77, m, 2
77, m, 1
78, m, 1
78, m, 2
78, m, 3
79, m, 1
79, m, 3
79, m, 2
80, m, 2
80, m, 3
80, m, 1
81, m, 2
81, m, 3
82, m, 2
82, m, 1
83, m, 3
83, m, 1
84, m, 3
84, m, 2
84, m, 1
85, m, 1
85, m, 2
85, m, 3
86, m, 3
86, m, 2
87, m, 1
87, m, 2
87, m, 3
88, m, 3
88, m, 1
88, m, 2
89, m, 1
89, m, 3
89, m, 2
90, m, 1
90, m, 2
90, m, 3
91, m, 1
91, m, 2
91, m, 3
92, m, 1
92, m, 3
93, m, 1
93, m, 2
93, m, 3
94, m, 1
94, m, 3
95, m, 3
95, m, 2
95, m, 1
96, m, 3
96, m, 2
96, m, 1
97, m, 3
97, m, 1
97, m, 2
98, m, 1
98, m, 3
99, m, 2
99, m, 3
99, m, 1
100, m, 1
100, m, 2
100, m, 3
101, m, 3
101, m, 2
101, m, 1
102, m, 3
102, m, 2
103, m, 2
103, m, 3
104, m, 2
104, m, 3
105, m, 2
105, m, 1
106, m, 2
106, m, 3
106, m, 1
107, m, 1
107, m, 3
107, m, 2
108, m, 2
108, m, 3
109, m, 1
109, m, 2
109, m, 3
110, m, 1
110, m, 2
110, m, 3
111, m, 1
111, m, 2
112, m, 2
112, m, 3
112, m, 1
113, m, 1
113, m, 3
114, m, 3
114, m, 2
114, m, 1
115, m, 2
115, m, 3
116, m, 3
116, m, 1
116, m, 2
117, m, 2
117, m, 3
117, m, 1
118, m, 2
118, m, 1
118, m, 3
119, m, 1
119, m, 2
120, m, 3
120, m, 2
120, m, 1
121, m, 2
121, m, 3
121, m, 1
122, m, 3
122, m, 2
122, m, 1
123, m, 1
123, m, 2
123, m, 3
124, m, 1
124, m, 2
125, m, 2
125, m, 3
125, m, 1
126, m, 2
126, m, 3
126, m, 1
127, m, 1
127, m, 3
127, m, 2
128, m, 1
128, m, 3
129, m, 1
129, m, 2
129, m, 3
130, m, 3
130, m, 2
131, m, 2
131, m, 3
132, m, 3
132, m, 2
133, m, 3
133, m, 1
133, m, 2
134, m, 3
134, m, 2
134, m, 1
135, m, 1
135, m, 2
136, m, 2
136, m, 3
137, m, 2
137, m, 1
137, m, 3
138, m, 1
138, m, 2
138, m, 3
139, m, 1
139, m, 2
139, m, 3
140, m, 2
140, m, 1
141, m, 1
141, m, 2
142, m, 2
142, m, 3
143, m, 1
143, m, 2
144, m, 3
144, m, 2
145, m, 3
145, m, 2
146, m, 1
146, m, 3
147, m, 1
147, m, 2
147, m, 3
148, m, 1
148, m, 3
148, m, 2
149, m, 2
149, m, 3
149, m, 1
150, m, 3
150, m, 1
151, m, 1
151, m, 2
151, m, 3
152, m, 1
152, m, 3
153, m, 2
153, m, 1
154, m, 1
154, m, 3
155, m, 1
155, m, 2
155, m, 3
156, m, 3
156, m, 2
156, m, 1
157, m, 2
157, m, 3
157, m, 1
158, m, 2
158, m, 1
158, m, 3
159, m, 1
159, m, 2
160, m, 1
160, m, 2
160, m, 3
161, m, 2
161, m, 3
162, m, 1
162, m, 2
162, m, 3
163, m, 2
163, m, 3
163, m, 1
164, m, 3
164, m, 1
165, m, 1
165, m, 3
165, m, 2
166, m, 1
166, m, 3
166, m, 2
167, m, 1
167, m, 2
168, m, 2
168, m, 1
169, m, 2
169, m, 3
169, m, 1
170, m, 3
170, m, 1
170, m, 2
171, m, 3
171, m, 1
172, m, 2
172, m, 1
172, m, 3
173, m, 2
173, m, 1
173, m, 3
174, m, 3
174, m, 1
175, m, 3
175, m, 1
175, m, 2
176, m, 3
176, m, 2
177, m, 1
177, m, 2
178, m, 1
178, m, 2
178, m, 3
179, m, 3
179, m, 2
180, m, 3
180, m, 1
180, m, 2
181, m, 1
181, m, 3
182, m, 3
182, m, 2
183, m, 1
183, m, 3
184, m, 1
184, m, 3
185, m, 1
185, m, 2
186, m, 2
186, m, 1
187, m, 2
187, m, 1
188, m, 1
188, m, 2
189, m, 3
189, m, 2
189, m, 1
190, m, 1
190, m, 3
190, m, 2
191, m, 1
191, m, 3
191, m, 2
192, m, 1
192, m, 2
192, m, 3
193, m, 3
193, m, 1
193, m, 2
194, m, 3
194, m, 2
194, m, 1
195, m, 1
195, m, 3
195, m, 2
196, m, 3
196, m, 1
197, m, 1
197, m, 3
198, m, 1
198, m, 2
199, m, 2
199, m, 3
200, m, 2
200, m, 1
201, m, 2
201, m, 3
201, m, 1
202, m, 3
202, m, 1
202, m, 2
203, m, 1
203, m, 3
203, m, 2
204, m, 1
204, m, 2
205, m, 2
205, m, 3
206, m, 2
206, m, 3
207, m, 3
207, m, 1
208, m, 2
208, m, 1
208, m, 3
209, m, 1
209, m, 3
210, m, 2
210, m, 3
210, m, 1
211, m, 1
211, m, 3
211, m, 2
212, m, 3
212, m, 1
213, m, 2
213, m, 3
213, m, 1
214, m, 3
214, m, 2
214, m, 1
215, m, 1
215, m, 3
216, m, 2
216, m, 3
216, m, 1
217, m, 2
217, m, 3
217, m, 1
218, m, 3
218, m, 2
219, m, 2
219, m, 1
220, m, 2
220, m, 1
220, m, 3
221, m, 2
221, m, 3
221, m, 1
222, m, 2
222, m, 1
222, m, 3
223, m, 1
223, m, 2
223, m, 3
224, m, 1
224, m, 3
225, m, 1
225, m, 3
226, m, 1
226, m, 3
226, m, 2
227, m, 2
227, m, 3
227, m, 1
228, m, 3
228, m, 2
228, m, 1
229, m, 2
229, m, 1
230, m, 2
230, m, 1
231, m, 3
231, m, 2
232, m, 3
232, m, 2
233, m, 1
233, m, 3
233, m, 2
234, m, 1
234, m, 2
234, m, 3
235, m, 1
235, m, 2
235, m, 3
236, m, 1
236, m, 3
236, m, 2
237, m, 1
237, m, 2
238, m, 1
238, m, 2
239, m, 1
239, m, 3
239, m, 2
240, m, 1
240, m, 3
240, m, 2
241, m, 3
241, m, 1
242, m, 3
242, m, 2
243, m, 3
243, m, 2
244, m, 2
244, m, 3
245, m, 3
245, m, 1
245, m, 2
246, m, 2
246, m, 1
247, m, 2
247, m, 3
247, m, 1
248, m, 1
248, m, 2
249, m, 2
249, m, 1
250, m, 3
250, m, 2
251, m, 3
251, m, 2
251, m, 1
252, m, 3
252, m, 1
252, m, 2
253, m, 2
253, m, 1
254, m, 3
254, m, 2
255, m, 3
255, m, 2
256, m, 1
256, m, 2
257, m, 3
257, m, 1
258, m, 2
258, m, 1
259, m, 3
259, m, 2
260, m, 3
260, m, 2
260, m, 1
261, m, 2
261, m, 1
262, m, 3
262, m, 1
262, m, 2
263, m, 3
263, m, 2
263, m, 1
264, m, 2
264, m, 1
265, m, 3
265, m, 2
266, m, 3
266, m, 2
266, m, 1
267, m, 3
267, m, 1
267, m, 2
268, m, 2
268, m, 1
268, m, 3
269, m, 2
269, m, 1
269, m, 3
270, m, 2
270, m, 1
271, m, 3
271, m, 1
272, m, 2
272, m, 1
273, m, 2
273, m, 1
273, m, 3
274, m, 3
274, m, 1
275, m, 1
275, m, 2
275, m, 3
276, m, 1
276, m, 3
276, m, 2
277, m, 1
277, m, 2
277, m, 3
278, m, 1
278, m, 2
279, m, 1
279, m, 2
279, m, 3
280, m, 3
280, m, 2
281, m, 3
281, m, 1
281, m, 2
282, m, 1
282, m, 2
283, m, 2
283, m, 3
284, m, 1
284, m, 3
285, m, 2
285, m, 3
286, m, 2
286, m, 1
287, m, 3
287, m, 1
288, m, 1
288, m, 3
288, m, 2
289, m, 3
289, m, 1
289, m, 2
290, m, 2
290, m, 3
291, m, 1
291, m, 2
292, m, 1
292, m, 3
293, m, 2
293, m, 1
294, m, 2
294, m, 1
295, m, 1
295, m, 3
296, m, 1
296, m, 3
296, m, 2
297, m, 2
297, m, 3
298, m, 1
298, m, 2
298, m, 3
299, m, 1
299, m, 2
300, m, 3
300, m, 2
301, m, 1
301, m, 3
301, m, 2
302, m, 1
302, m, 2
302, m, 3
303, m, 2
303, m, 3
303, m, 1
304, m, 1
304, m, 3
305, m, 1
305, m, 3
305, m, 2
306, m, 3
306, m, 2
306, m, 1
307, m, 3
307, m, 1
308, m, 2
308, m, 1
309, m, 2
309, m, 3
309, m, 1
310, m, 3
310, m, 1
310, m, 2
311, m, 2
311, m, 1
312, m, 1
312, m, 3
312, m, 2
313, m, 1
313, m, 2
313, m, 3
314, m, 2
314, m, 1
315, m, 1
315, m, 3
316, m, 3
316, m, 2
317, m, 1
317, m, 3
318, m, 3
318, m, 2
318, m, 1
319, m, 3
319, m, 1
320, m, 2
320, m, 1
321, m, 3
321, m, 2
322, m, 3
322, m, 1
323, m, 3
323, m, 2
324, m, 1
324, m, 3
324, m, 2
325, m, 2
325, m, 1
326, m, 2
326, m, 1
326, m, 3
327, m, 2
327, m, 1
327, m, 3
328, m, 1
328, m, 2
329, m, 2
329, m, 1
330, m, 2
330, m, 3
331, m, 3
331, m, 2
331, m, 1
332, m, 1
332, m, 2
332, m, 3
333, m, 1
333, m, 3
333, m, 2
334, m, 3
334, m, 1
334, m, 2
335, m, 1
335, m, 3
336, m, 3
336, m, 2
337, m, 1
337, m, 3
338, m, 1
338, m, 2
339, m, 3
339, m, 2
340, m, 2
340, m, 3
340, m, 1
341, m, 1
341, m, 2
342, m, 3
342, m, 2
343, m, 3
343, m, 2
344, m, 2
344, m, 3
344, m, 1
345, m, 1
345, m, 2
345, m, 3
346, m, 1
346, m, 2
346, m, 3
347, m, 3
347, m, 2
348, m, 3
348, m, 2
349, m, 2
349, m, 3
349, m, 1
350, m, 1
350, m, 2
350, m, 3
351, m, 1
351, m, 2
352, m, 1
352, m, 3
353, m, 1
353, m, 3
354, m, 3
354, m, 1
354, m, 2
355, m, 3
355, m, 2
355, m, 1
356, m, 2
356, m, 3
357, m, 3
357, m, 2
358, m, 1
358, m, 2
359, m, 3
359, m, 2
359, m, 1
360, m, 2
360, m, 3
361, m, 1
361, m, 2
362, m, 1
362, m, 3
362, m, 2
363, m, 2
363, m, 3
364, m, 3
364, m, 1
365, m, 3
365, m, 2
366, m, 2
366, m, 3
367, m, 1
367, m, 3
367, m, 2
368, m, 2
368, m, 1
369, m, 2
369, m, 1
369, m, 3
370, m, 3
370, m, 1
371, m, 3
371, m, 2
372, m, 2
372, m, 1
373, m, 2
373, m, 3
373, m, 1
374, m, 1
374, m, 3
375, m, 3
375, m, 2
376, m, 1
376, m, 2
377, m, 1
377, m, 2
378, m, 2
378, m, 3
378, m, 1
379, m, 3
379, m, 1
380, m, 2
380, m, 1
380, m, 3
381, m, 2
381, m, 1
382, m, 1
382, m, 3
383, m, 2
383, m, 3
384, m, 3
384, m, 2
384, m, 1
385, m, 2
385, m, 1
385, m, 3
386, m, 2
386, m, 3
387, m, 1
387, m, 3
387, m, 2
388, m, 2
388, m, 1
389, m, 3
389, m, 1
389, m, 2
390, m, 1
390, m, 3
390, m, 2
391, m, 3
391, m, 1
392, m, 2
392, m, 3
392, m, 1
393, m, 3
393, m, 1
393, m, 2
394, m, 2
394, m, 1
395, m, 1
395, m, 2
395, m, 3
396, m, 2
396, m, 3
396, m, 1
397, m, 2
397, m, 3
398, m, 3
398, m, 1
398, m, 2
399, m, 2
399, m, 3
400, m, 1
400, m, 2
401, m, 1
401, m, 3
402, m, 2
402, m, 1
403, m, 3
403, m, 1
403, m, 2
404, m, 1
404, m, 3
405, m, 2
405, m, 3
406, m, 1
406, m, 3
406, m, 2
407, m, 3
407, m, 2
408, m, 3
408, m, 2
409, m, 1
409, m, 3
410, m, 3
410, m, 1
411, m, 2
411, m, 1
411, m, 3
412, m, 2
412, m, 3
413, m, 1
413, m, 2
414, m, 2
414, m, 3
414, m, 1
415, m, 1
415, m, 2
415, m, 3
416, m, 1
416, m, 3
417, m, 3
417, m, 2
418, m, 3
418, m, 1
418, m, 2
419, m, 3
419, m, 2
419, m, 1
420, m, 2
420, m, 3
420, m, 1
421, m, 3
421, m, 1
422, m, 2
422, m, 1
422, m, 3
423, m, 3
423, m, 2
423, m, 1
424, m, 1
424, m, 3
424, m, 2
425, m, 1
425, m, 2
426, m, 3
426, m, 1
426, m, 2
427, m, 3
427, m, 2
428, m, 2
428, m, 1
429, m, 2
429, m, 1
429, m, 3
430, m, 1
430, m, 3
431, m, 1
431, m, 2
432, m, 2
432, m, 3
432, m, 1
433, m, 3
433, m, 1
433, m, 2
434, m, 1
434, m, 2
434, m, 3
435, m, 3
435, m, 1
435, m, 2
436, m, 2
436, m, 3
436, m, 1
437, m, 1
437, m, 3
437, m, 2
438, m, 2
438, m, 3
439, m, 1
439, m, 2
439, m, 3
440, m, 2
440, m, 3
441, m, 3
441, m, 2
441, m, 1
442, m, 2
442, m, 1
443, m, 1
443, m, 2
444, m, 1
444, m, 3
444, m, 2
445, m, 3
445, m, 2
445, m, 1
446, m, 1
446, m, 2
446, m, 3
447, m, 2
447, m, 1
447, m, 3
448, m, 2
448, m, 1
449, m, 1
449, m, 3
449, m, 2
450, m, 1
450, m, 3
450, m, 2
451, m, 1
451, m, 2
452, m, 3
452, m, 1
452, m, 2
453, m, 1
453, m, 2
453, m, 3
454, m, 1
454, m, 3
455, m, 1
455, m, 3
456, m, 3
456, m, 2
456, m, 1
457, m, 3
457, m, 2
457, m, 1
458, m, 3
458, m, 2
458, m, 1
459, m, 2
459, m, 1
460, m, 3
460, m, 1
460, m, 2
461, m, 1
461, m, 3
461, m, 2
462, m, 1
462, m, 2
462, m, 3
463, m, 3
463, m, 2
463, m, 1
464, m, 3
464, m, 1
465, m, 2
465, m, 1
466, m, 3
466, m, 2
466, m, 1
467, m, 1
467, m, 2
468, m, 1
468, m, 2
468, m, 3
469, m, 3
469, m, 1
469, m, 2
470, m, 3
470, m, 1
470, m, 2
471, m, 2
471, m, 3
472, m, 1
472, m, 2
473, m, 1
473, m, 2
474, m, 3
474, m, 2
474, m, 1
475, m, 3
475, m, 2
476, m, 1
476, m, 3
477, m, 1
477, m, 3
478, m, 1
478, m, 3
479, m, 3
479, m, 2
479, m, 1
480, m, 1
480, m, 3
481, m, 3
481, m, 2
481, m, 1
482, m, 3
482, m, 1
483, m, 2
483, m, 3
484, m, 1
484, m, 3
484, m, 2
485, m, 3
485, m, 1
485, m, 2
486, m, 2
486, m, 3
486, m, 1
487, m, 2
487, m, 1
488, m, 1
488, m, 2
489, m, 3
489, m, 1
490, m, 1
490, m, 3
490, m, 2
491, m, 3
491, m, 1
492, m, 1
492, m, 3
492, m, 2
493, m, 1
493, m, 3
493, m, 2
494, m, 2
494, m, 1
495, m, 1
495, m, 3
495, m, 2
496, m, 2
496, m, 1
496, m, 3
497, m, 3
497, m, 2
497, m, 1
498, m, 1
498, m, 2
499, m, 2
499, m, 1
500, m, 1
500, m, 2
501, m, 3
501, m, 1
501, m, 2
502, m, 3
502, m, 1
502, m, 2
503, m, 1
503, m, 3
504, m, 3
504, m, 2
505, m, 2
505, m, 1
506, m, 3
506, m, 2
506, m, 1
507, m, 3
507, m, 2
507, m, 1
508, m, 2
508, m, 1
508, m, 3
509, m, 1
509, m, 2
509, m, 3
510, m, 3
510, m, 2
510, m, 1
511, m, 3
511, m, 2
511, m, 1
512, m, 3
512, m, 1
513, f, 1
513, f, 3
514, f, 1
514, f, 2
515, f, 2
515, f, 1
516, f, 2
516, f, 3
516, f, 1
517, f, 3
517, f, 1
518, f, 1
518, f, 2
519, f, 1
519, f, 3
519, f, 2
520, f, 1
520, f, 3
520, f, 2
521, f, 3
521, f, 2
522, f, 2
522, f, 3
522, f, 1
523, f, 3
523, f, 2
523, f, 1
524, f, 3
524, f, 2
525, f, 2
525, f, 1
525, f, 3
526, f, 3
526, f, 1
526, f, 2
527, f, 1
527, f, 2
527, f, 3
528, f, 1
528, f, 3
528, f, 2
529, f, 2
529, f, 1
530, f, 3
530, f, 2
531, f, 2
531, f, 3
531, f, 1
532, f, 2
532, f, 1
532, f, 3
533, f, 1
533, f, 3
534, f, 2
534, f, 3
534, f, 1
535, f, 3
535, f, 1
536, f, 1
536, f, 3
536, f, 2
537, f, 1
537, f, 2
538, f, 3
538, f, 2
538, f, 1
539, f, 3
539, f, 1
539, f, 2
540, f, 3
540, f, 2
540, f, 1
541, f, 1
541, f, 2
542, f, 2
542, f, 3
543, f, 2
543, f, 1
543, f, 3
544, f, 3
544, f, 1
544, f, 2
545, f, 3
545, f, 2
545, f, 1
546, f, 3
546, f, 1
547, f, 2
547, f, 1
547, f, 3
548, f, 1
548, f, 2
549, f, 2
549, f, 3
549, f, 1
550, f, 2
550, f, 3
550, f, 1
551, f, 1
551, f, 3
552, f, 3
552, f, 1
553, f, 2
553, f, 3
553, f, 1
554, f, 3
554, f, 1
554, f, 2
555, f, 1
555, f, 2
556, f, 1
556, f, 2
557, f, 2
557, f, 3
558, f, 3
558, f, 1
559, f, 1
559, f, 3
560, f, 3
560, f, 1
560, f, 2
561, f, 1
561, f, 3
561, f, 2
562, f, 3
562, f, 1
563, f, 2
563, f, 1
563, f, 3
564, f, 3
564, f, 1
565, f, 2
565, f, 1
565, f, 3
566, f, 1
566, f, 2
566, f, 3
567, f, 3
567, f, 2
567, f, 1
568, f, 3
568, f, 2
569, f, 1
569, f, 3
570, f, 1
570, f, 3
571, f, 2
571, f, 3
571, f, 1
572, f, 3
572, f, 1
573, f, 3
573, f, 2
573, f, 1
574, f, 3
574, f, 2
575, f, 1
575, f, 2
576, f, 3
576, f, 2
576, f, 1
577, f, 1
577, f, 2
577, f, 3
578, f, 1
578, f, 2
579, f, 1
579, f, 2
579, f, 3
580, f, 1
580, f, 2
581, f, 3
581, f, 2
582, f, 3
582, f, 2
582, f, 1
583, f, 2
583, f, 1
583, f, 3
584, f, 2
584, f, 1
585, f, 2
585, f, 1
585, f, 3
586, f, 3
586, f, 1
586, f, 2
587, f, 3
587, f, 1
587, f, 2
588, f, 3
588, f, 2
589, f, 2
589, f, 1
590, f, 2
590, f, 1
591, f, 1
591, f, 2
591, f, 3
592, f, 3
592, f, 2
593, f, 3
593, f, 2
593, f, 1
594, f, 1
594, f, 2
595, f, 1
595, f, 3
596, f, 2
596, f, 1
597, f, 2
597, f, 1
597, f, 3
598, f, 1
598, f, 2
599, f, 1
599, f, 3
600, f, 1
600, f, 2
600, f, 3
601, f, 3
601, f, 2
602, f, 2
602, f, 1
603, f, 3
603, f, 2
603, f, 1
604, f, 2
604, f, 3
604, f, 1
605, f, 1
605, f, 2
606, f, 2
606, f, 3
606, f, 1
607, f, 3
607, f, 1
608, f, 1
608, f, 2
609, f, 3
609, f, 1
609, f, 2
610, f, 1
610, f, 2
610, f, 3
611, f, 2
611, f, 1
612, f, 3
612, f, 1
613, f, 1
613, f, 3
613, f, 2
614, f, 3
614, f, 1
615, f, 1
615, f, 2
616, f, 2
616, f, 1
617, f, 1
617, f, 2
617, f, 3
618, f, 1
618, f, 3
618, f, 2
619, f, 2
619, f, 3
620, f, 3
620, f, 2
621, f, 2
621, f, 3
622, f, 3
622, f, 2
622, f, 1
623, f, 3
623, f, 1
624, f, 3
624, f, 1
625, f, 2
625, f, 1
626, f, 3
626, f, 1
627, f, 3
627, f, 2
628, f, 2
628, f, 1
629, f, 1
629, f, 2
630, f, 2
630, f, 1
630, f, 3
631, f, 1
631, f, 2
632, f, 1
632, f, 3
633, f, 1
633, f, 3
633, f, 2
634, f, 1
634, f, 3
634, f, 2
635, f, 3
635, f, 1
635, f, 2
636, f, 2
636, f, 3
636, f, 1
637, f, 1
637, f, 3
637, f, 2
638, f, 1
638, f, 2
639, f, 1
639, f, 2
639, f, 3
640, f, 1
640, f, 2
641, f, 1
641, f, 2
641, f, 3
642, f, 2
642, f, 1
642, f, 3
643, f, 2
643, f, 3
644, f, 2
644, f, 1
644, f, 3
645, f, 3
645, f, 2
645, f, 1
646, f, 3
646, f, 2
647, f, 2
647, f, 1
648, f, 2
648, f, 3
648, f, 1
649, f, 1
649, f, 2
649, f, 3
650, f, 3
650, f, 2
651, f, 2
651, f, 3
652, f, 1
652, f, 3
653, f, 1
653, f, 2
653, f, 3
654, f, 1
654, f, 3
655, f, 2
655, f, 1
656, f, 1
656, f, 2
656, f, 3
657, f, 3
657, f, 1
657, f, 2
658, f, 1
658, f, 3
659, f, 1
659, f, 2
660, f, 2
660, f, 1
660, f, 3
661, f, 2
661, f, 3
661, f, 1
662, f, 1
662, f, 3
663, f, 1
663, f, 2
664, f, 1
664, f, 2
664, f, 3
665, f, 1
665, f, 3
665, f, 2
666, f, 3
666, f, 1
667, f, 2
667, f, 1
668, f, 2
668, f, 1
668, f, 3
669, f, 2
669, f, 1
669, f, 3
670, f, 1
670, f, 2
670, f, 3
671, f, 1
671, f, 3
672, f, 1
672, f, 3
672, f, 2
673, f, 3
673, f, 2
673, f, 1
674, f, 2
674, f, 1
675, f, 3
675, f, 1
675, f, 2
676, f, 1
676, f, 2
676, f, 3
677, f, 3
677, f, 2
677, f, 1
678, f, 2
678, f, 3
679, f, 1
679, f, 3
679, f, 2
680, f, 2
680, f, 1
680, f, 3
681, f, 1
681, f, 2
681, f, 3
682, f, 1
682, f, 2
682, f, 3
683, f, 2
683, f, 1
684, f, 2
684, f, 1
684, f, 3
685, f, 3
685, f, 1
686, f, 1
686, f, 3
687, f, 3
687, f, 2
688, f, 2
688, f, 3
689, f, 1
689, f, 2
689, f, 3
690, f, 2
690, f, 3
690, f, 1
691, f, 1
691, f, 2
692, f, 3
692, f, 1
693, f, 1
693, f, 3
693, f, 2
694, f, 2
694, f, 1
694, f, 3
695, f, 1
695, f, 2
695, f, 3
696, f, 3
696, f, 2
696, f, 1
697, f, 3
697, f, 1
698, f, 1
698, f, 3
698, f, 2
699, f, 3
699, f, 2
700, f, 3
700, f, 1
701, f, 2
701, f, 3
701, f, 1
702, f, 2
702, f, 1
703, f, 3
703, f, 2
704, f, 2
704, f, 3
705, f, 1
705, f, 2
705, f, 3
706, f, 2
706, f, 3
706, f, 1
707, f, 1
707, f, 3
707, f, 2
708, f, 1
708, f, 3
709, f, 3
709, f, 1
709, f, 2
710, f, 2
710, f, 3
710, f, 1
711, f, 1
711, f, 2
711, f, 3
712, f, 2
712, f, 3
712, f, 1
713, f, 2
713, f, 3
714, f, 3
714, f, 1
715, f, 2
715, f, 3
715, f, 1
716, f, 2
716, f, 3
716, f, 1
717, f, 3
717, f, 1
717, f, 2
718, f, 1
718, f, 3
718, f, 2
719, f, 1
719, f, 3
720, f, 3
720, f, 2
720, f, 1
721, f, 3
721, f, 2
721, f, 1
722, f, 2
722, f, 1
723, f, 3
723, f, 2
724, f, 1
724, f, 3
724, f, 2
725, f, 3
725, f, 2
726, f, 2
726, f, 1
726, f, 3
727, f, 2
727, f, 3
727, f, 1
728, f, 1
728, f, 2
729, f, 2
729, f, 1
729, f, 3
730, f, 1
730, f, 2
731, f, 3
731, f, 1
731, f, 2
732, f, 3
732, f, 2
732, f, 1
733, f, 3
733, f, 2
733, f, 1
734, f, 1
734, f, 3
735, f, 1
735, f, 2
736, f, 2
736, f, 1
737, f, 3
737, f, 1
737, f, 2
738, f, 1
738, f, 2
738, f, 3
739, f, 2
739, f, 3
740, f, 2
740, f, 3
741, f, 3
741, f, 2
742, f, 1
742, f, 3
742, f, 2
743, f, 1
743, f, 2
744, f, 1
744, f, 2
745, f, 3
745, f, 1
745, f, 2
746, f, 3
746, f, 1
746, f, 2
747, f, 1
747, f, 3
747, f, 2
748, f, 1
748, f, 3
749, f, 3
749, f, 1
749, f, 2
750, f, 2
750, f, 1
750, f, 3
751, f, 1
751, f, 3
751, f, 2
752, f, 1
752, f, 3
753, f, 2
753, f, 1
753, f, 3
754, f, 1
754, f, 2
754, f, 3
755, f, 2
755, f, 1
756, f, 2
756, f, 3
756, f, 1
757, f, 1
757, f, 3
757, f, 2
758, f, 3
758, f, 2
759, f, 3
759, f, 1
759, f, 2
760, f, 3
760, f, 1
761, f, 1
761, f, 2
761, f, 3
762, f, 1
762, f, 3
763, f, 2
763, f, 3
763, f, 1
764, f, 1
764, f, 2
765, f, 1
765, f, 2
765, f, 3
766, f, 3
766, f, 2
767, f, 3
767, f, 2
768, f, 3
768, f, 1
768, f, 2
769, f, 1
769, f, 3
770, f, 3
770, f, 1
770, f, 2
771, f, 3
771, f, 1
772, f, 3
772, f, 1
772, f, 2
773, f, 3
773, f, 1
774, f, 1
774, f, 2
774, f, 3
775, f, 3
775, f, 1
776, f, 3
776, f, 1
777, f, 1
777, f, 3
778, f, 2
778, f, 1
779, f, 2
779, f, 3
779, f, 1
780, f, 3
780, f, 2
780, f, 1
781, f, 3
781, f, 1
781, f, 2
782, f, 2
782, f, 3
782, f, 1
783, f, 3
783, f, 1
784, f, 1
784, f, 3
785, f, 3
785, f, 2
786, f, 3
786, f, 1
787, f, 3
787, f, 1
788, f, 1
788, f, 2
788, f, 3
789, f, 2
789, f, 1
789, f, 3
790, f, 2
790, f, 1
791, f, 1
791, f, 2
792, f, 1
792, f, 2
793, f, 1
793, f, 3
794, f, 1
794, f, 2
794, f, 3
795, f, 1
795, f, 2
796, f, 2
796, f, 3
797, f, 2
797, f, 1
797, f, 3
798, f, 2
798, f, 3
798, f, 1
799, f, 2
799, f, 3
800, f, 1
800, f, 3
801, f, 3
801, f, 2
802, f, 1
802, f, 2
802, f, 3
803, f, 1
803, f, 3
803, f, 2
804, f, 3
804, f, 2
804, f, 1
805, f, 3
805, f, 1
806, f, 2
806, f, 3
806, f, 1
807, f, 1
807, f, 2
807, f, 3
808, f, 1
808, f, 2
809, f, 3
809, f, 1
810, f, 1
810, f, 2
810, f, 3
811, f, 3
811, f, 2
812, f, 3
812, f, 2
813, f, 2
813, f, 1
813, f, 3
814, f, 3
814, f, 1
814, f, 2
815, f, 2
815, f, 1
815, f, 3
816, f, 1
816, f, 2
816, f, 3
817, f, 3
817, f, 2
817, f, 1
818, f, 3
818, f, 2
819, f, 2
819, f, 3
820, f, 1
820, f, 2
821, f, 2
821, f, 1
822, f, 3
822, f, 2
822, f, 1
823, f, 1
823, f, 2
824, f, 2
824, f, 1
825, f, 3
825, f, 1
825, f, 2
826, f, 2
826, f, 3
826, f, 1
827, f, 3
827, f, 1
828, f, 2
828, f, 1
828, f, 3
829, f, 1
829, f, 2
830, f, 2
830, f, 3
830, f, 1
831, f, 3
831, f, 2
832, f, 1
832, f, 3
832, f, 2
833, f, 2
833, f, 3
833, f, 1
834, f, 1
834, f, 2
835, f, 1
835, f, 2
836, f, 3
836, f, 1
837, f, 3
837, f, 2
838, f, 3
838, f, 1
838, f, 2
839, f, 3
839, f, 2
839, f, 1
840, f, 1
840, f, 2
841, f, 1
841, f, 2
841, f, 3
842, f, 3
842, f, 1
842, f, 2
843, f, 1
843, f, 3
844, f, 3
844, f, 1
845, f, 3
845, f, 1
845, f, 2
846, f, 3
846, f, 1
847, f, 1
847, f, 2
848, f, 1
848, f, 3
849, f, 3
849, f, 1
849, f, 2
850, f, 3
850, f, 2
850, f, 1
851, f, 2
851, f, 3
852, f, 2
852, f, 1
853, f, 3
853, f, 2
853, f, 1
854, f, 2
854, f, 1
854, f, 3
855, f, 1
855, f, 2
856, f, 1
856, f, 2
856, f, 3
857, f, 3
857, f, 1
858, f, 1
858, f, 3
859, f, 3
859, f, 1
859, f, 2
860, f, 2
860, f, 3
861, f, 2
861, f, 1
861, f, 3
862, f, 2
862, f, 3
863, f, 1
863, f, 2
863, f, 3
864, f, 3
864, f, 2
865, f, 1
865, f, 3
865, f, 2
866, f, 1
866, f, 2
867, f, 2
867, f, 1
867, f, 3
868, f, 1
868, f, 2
869, f, 3
869, f, 2
869, f, 1
870, f, 1
870, f, 2
870, f, 3
871, f, 1
871, f, 3
871, f, 2
872, f, 1
872, f, 2
872, f, 3
873, f, 3
873, f, 1
873, f, 2
874, f, 2
874, f, 1
875, f, 2
875, f, 3
876, f, 3
876, f, 2
876, f, 1
877, f, 1
877, f, 2
878, f, 3
878, f, 2
878, f, 1
879, f, 3
879, f, 1
880, f, 2
880, f, 3
881, f, 1
881, f, 2
882, f, 1
882, f, 2
882, f, 3
883, f, 1
883, f, 2
883, f, 3
884, f, 1
884, f, 3
884, f, 2
885, f, 1
885, f, 3
885, f, 2
886, f, 2
886, f, 1
887, f, 2
887, f, 3
887, f, 1
888, f, 1
888, f, 3
889, f, 2
889, f, 3
889, f, 1
890, f, 3
890, f, 2
890, f, 1
891, f, 3
891, f, 1
892, f, 1
892, f, 2
893, f, 2
893, f, 1
894, f, 2
894, f, 3
894, f, 1
895, f, 3
895, f, 2
895, f, 1
896, f, 1
896, f, 2
897, f, 1
897, f, 3
897, f, 2
898, f, 2
898, f, 1
898, f, 3
899, f, 3
899, f, 2
900, f, 2
900, f, 1
900, f, 3
901, f, 2
901, f, 1
901, f, 3
902, f, 3
902, f, 2
903, f, 3
903, f, 1
903, f, 2
904, f, 3
904, f, 2
905, f, 3
905, f, 2
905, f, 1
906, f, 3
906, f, 1
906, f, 2
907, f, 3
907, f, 2
908, f, 1
908, f, 2
908, f, 3
909, f, 3
909, f, 1
910, f, 2
910, f, 3
910, f, 1
911, f, 2
911, f, 3
911, f, 1
912, f, 3
912, f, 1
913, f, 2
913, f, 3
913, f, 1
914, f, 2
914, f, 1
914, f, 3
915, f, 3
915, f, 2
916, f, 1
916, f, 2
917, f, 1
917, f, 2
918, f, 1
918, f, 2
919, f, 2
919, f, 3
920, f, 3
920, f, 1
921, f, 1
921, f, 2
921, f, 3
922, f, 1
922, f, 2
923, f, 1
923, f, 2
924, f, 1
924, f, 3
925, f, 2
925, f, 3
925, f, 1
926, f, 2
926, f, 1
927, f, 1
927, f, 2
928, f, 1
928, f, 2
929, f, 2
929, f, 3
929, f, 1
930, f, 3
930, f, 2
931, f, 1
931, f, 3
932, f, 1
932, f, 3
932, f, 2
933, f, 3
933, f, 2
933, f, 1
934, f, 3
934, f, 1
935, f, 1
935, f, 2
935, f, 3
936, f, 3
936, f, 2
936, f, 1
937, f, 3
937, f, 2
938, f, 1
938, f, 2
939, f, 3
939, f, 2
939, f, 1
940, f, 3
940, f, 2
941, f, 1
941, f, 2
941, f, 3
942, f, 2
942, f, 1
943, f, 3
943, f, 2
944, f, 3
944, f, 1
945, f, 3
945, f, 1
945, f, 2
946, f, 2
946, f, 3
946, f, 1
947, f, 1
947, f, 2
948, f, 2
948, f, 3
948, f, 1
949, f, 2
949, f, 1
950, f, 3
950, f, 2
950, f, 1
951, f, 2
951, f, 3
951, f, 1
952, f, 2
952, f, 1
953, f, 1
953, f, 2
954, f, 1
954, f, 3
955, f, 2
955, f, 1
955, f, 3
956, f, 1
956, f, 3
957, f, 3
957, f, 1
957, f, 2
958, f, 3
958, f, 1
959, f, 1
959, f, 2
959, f, 3
960, f, 3
960, f, 1
961, f, 3
961, f, 2
961, f, 1
962, f, 2
962, f, 1
963, f, 1
963, f, 2
963, f, 3
964, f, 2
964, f, 1
965, f, 3
965, f, 2
965, f, 1
966, f, 3
966, f, 1
967, f, 2
967, f, 3
968, f, 1
968, f, 2
969, f, 3
969, f, 2
970, f, 3
970, f, 2
971, f, 1
971, f, 2
971, f, 3
972, f, 1
972, f, 2
972, f, 3
973, f, 2
973, f, 1
973, f, 3
974, f, 3
974, f, 1
975, f, 2
975, f, 1
975, f, 3
976, f, 3
976, f, 2
976, f, 1
977, f, 3
977, f, 1
978, f, 1
978, f, 3
978, f, 2
979, f, 2
979, f, 1
979, f, 3
980, f, 2
980, f, 1
981, f, 1
981, f, 3
982, f, 1
982, f, 3
982, f, 2
983, f, 3
983, f, 2
983, f, 1
984, f, 2
984, f, 3
984, f, 1
985, f, 2
985, f, 1
986, f, 2
986, f, 1
986, f, 3
987, f, 1
987, f, 2
988, f, 3
988, f, 2
989, f, 3
989, f, 2
990, f, 2
990, f, 1
991, f, 2
991, f, 1
991, f, 3
992, f, 1
992, f, 3
993, f, 1
993, f, 2
993, f, 3
994, f, 3
994, f, 2
994, f, 1
995, f, 2
995, f, 1
996, f, 2
996, f, 3
997, f, 2
997, f, 1
998, f, 1
998, f, 3
999, f, 2
999, f, 1
999, f, 3
1000, f, 2
1000, f, 3
1001, f, 1
1001, f, 3
1001, f, 2
1002, f, 1
1002, f, 3
1003, f, 3
1003, f, 2
1003, f, 1
1004, f, 1
1004, f, 2
1005, f, 1
1005, f, 2
1006, f, 1
1006, f, 3
1007, f, 3
1007, f, 1
1008, f, 1
1008, f, 3
1009, f, 1
1009, f, 3
1009, f, 2
1010, f, 1
1010, f, 3
1010, f, 2
1011, f, 3
1011, f, 1
1011, f, 2
1012, f, 2
1012, f, 3
1013, f, 1
1013, f, 3
1014, f, 1
1014, f, 3
1015, f, 2
1015, f, 1
1015, f, 3
1016, f, 3
1016, f, 1
1017, f, 3
1017, f, 2
1017, f, 1
1018, f, 1
1018, f, 3
1018, f, 2
1019, f, 2
1019, f, 3
1019, f, 1
1020, f, 3
1020, f, 2
1021, f, 2
1021, f, 1
1021, f, 3
1022, f, 3
1022, f, 1
1023, f, 3
1023, f, 2
1023, f, 1
1024, f, 3
1024, f, 2
